{"TSLA": {"sentiment": -0.14088334343434347, "emotions": {"sadness": 0.31341047619047613, "joy": 0.27539142857142856, "fear": 0.13174221428571423, "disgust": 0.03291815476190475, "anger": 0.03805730952380952}}, "AAPL": {"sentiment": -0.047346120000000005, "emotions": {"sadness": 0.22284585000000004, "joy": 0.35808035, "fear": 0.18641074999999996, "disgust": 0.03262416666666666, "anger": 0.04127381666666668}}}