{
    "TSLA": {
        "sentiment": -0.1279349898989899,
        "emotions": {
            "sadness": 0.316608231707317,
            "joy": 0.27217428048780484,
            "fear": 0.1319903414634146,
            "disgust": 0.03247090243902438,
            "anger": 0.038287829268292675
        }
    },
    "AAPL": {
        "sentiment": -0.02913086000000001,
        "emotions": {
            "sadness": 0.2178632586206897,
            "joy": 0.36656915517241373,
            "fear": 0.18316160344827578,
            "disgust": 0.032567224137931026,
            "anger": 0.041888103448275885
        }
    },
    "MSFT": {
        "sentiment": -0.025301999999999984,
        "emotions": {
            "sadness": 0.2292572659574468,
            "joy": 0.3666151382978723,
            "fear": 0.17186294680851064,
            "disgust": 0.038981276595744685,
            "anger": 0.03921321276595744
        }
    },
    "SHIB": {
        "sentiment": -0.15525694949494948,
        "emotions": {
            "sadness": 0.13861761616161614,
            "joy": 0.2762394444444445,
            "fear": 0.1813504343434343,
            "disgust": 0.02658759595959597,
            "anger": 0.13495718181818184
        }
    },
    "PEPE": {
        "sentiment": -0.035853224489795915,
        "emotions": {
            "sadness": 0.1972503255813953,
            "joy": 0.33731811627906977,
            "fear": 0.15382241860465112,
            "disgust": 0.04013779069767441,
            "anger": 0.06166281395348836
        }
    }
}