{"DOGE": {"sentiment": -0.10064596907216494, "emotions": {"sadness": 0.19384460256410252, "joy": 0.34621566666666675, "fear": 0.14014684615384615, "disgust": 0.030422769230769236, "anger": 0.05507401282051284}}}