{"SHOPIFY": {"sentiment": 0.05834172000000001, "emotions": {"sadness": 0.21122695454545456, "joy": 0.3581246818181818, "fear": 0.14714718181818182, "disgust": 0.02683518181818182, "anger": 0.04694527272727273}}}