{"AAPL": {"sentiment": -0.15780219999999995, "emotions": {"sadness": 0.2706916, "joy": 0.2743122, "fear": 0.121258, "disgust": 0.044825800000000006, "anger": 0.06277019999999998}}, "TSLA": {"sentiment": -0.7801619999999999, "emotions": {"sadness": 0.39667680000000005, "joy": 0.1705478, "fear": 0.1361752, "disgust": 0.0332534, "anger": 0.0720854}}}