{
    "AAPL": {
        "sentiment": 0.06863831999999997,
        "emotions": {
            "sadness": 0.1886650219780219,
            "joy": 0.36748053846153866,
            "fear": 0.1880387142857143,
            "disgust": 0.042772483516483537,
            "anger": 0.045422439560439565
        }
    },
    "TSLA": {
        "sentiment": -0.03161839999999999,
        "emotions": {
            "sadness": 0.25947713541666667,
            "joy": 0.3195615208333334,
            "fear": 0.13642662500000002,
            "disgust": 0.03905428125000002,
            "anger": 0.03912292708333334
        }
    }
}